user_id,name
196,196
186,186
22,22
244,244
166,166
298,298
115,115
253,253
305,305
6,6
62,62
286,286
200,200
210,210
224,224
303,303
122,122
194,194
291,291
234,234
119,119
167,167
299,299
308,308
95,95
38,38
102,102
63,63
160,160
50,50
301,301
225,225
290,290
97,97
157,157
181,181
278,278
276,276
7,7
10,10
284,284
201,201
287,287
246,246
242,242
249,249
99,99
178,178
251,251
81,81
260,260
25,25
59,59
72,72
87,87
42,42
292,292
20,20
13,13
138,138
60,60
57,57
223,223
189,189
243,243
92,92
241,241
254,254
293,293
127,127
222,222
267,267
11,11
8,8
162,162
279,279
145,145
28,28
135,135
32,32
90,90
216,216
250,250
271,271
265,265
198,198
168,168
110,110
58,58
237,237
94,94
128,128
44,44
264,264
41,41
82,82
262,262
174,174
43,43
84,84
269,269
259,259
85,85
213,213
121,121
49,49
155,155
68,68
172,172
19,19
268,268
5,5
80,80
66,66
18,18
26,26
130,130
256,256
1,1
56,56
15,15
207,207
232,232
52,52
161,161
148,148
125,125
83,83
272,272
151,151
54,54
16,16
91,91
294,294
229,229
36,36
70,70
14,14
295,295
233,233
214,214
192,192
100,100
307,307
297,297
193,193
113,113
275,275
219,219
218,218
123,123
158,158
302,302
23,23
296,296
33,33
154,154
77,77
270,270
187,187
170,170
101,101
184,184
112,112
133,133
215,215
69,69
104,104
240,240
144,144
191,191
61,61
142,142
177,177
203,203
21,21
197,197
134,134
180,180
236,236
263,263
109,109
64,64
114,114
239,239
117,117
65,65
137,137
257,257
111,111
285,285
96,96
116,116
73,73
221,221
235,235
164,164
281,281
182,182
129,129
45,45
131,131
230,230
126,126
231,231
280,280
288,288
152,152
217,217
79,79
75,75
245,245
282,282
78,78
118,118
283,283
171,171
107,107
226,226
306,306
173,173
185,185
150,150
274,274
188,188
48,48
311,311
165,165
208,208
2,2
205,205
248,248
93,93
159,159
146,146
29,29
156,156
37,37
141,141
195,195
108,108
47,47
255,255
89,89
140,140
190,190
24,24
17,17
313,313
53,53
124,124
149,149
176,176
106,106
312,312
175,175
153,153
220,220
143,143
199,199
202,202
277,277
206,206
76,76
314,314
136,136
179,179
4,4
304,304
3,3
227,227
252,252
212,212
310,310
35,35
147,147
105,105
34,34
71,71
51,51
204,204
315,315
31,31
316,316
103,103
318,318
30,30
120,120
46,46
289,289
209,209
261,261
88,88
9,9
247,247
321,321
266,266
74,74
238,238
319,319
323,323
67,67
211,211
98,98
12,12
40,40
258,258
228,228
325,325
320,320
326,326
327,327
183,183
328,328
322,322
330,330
27,27
331,331
332,332
329,329
86,86
139,139
300,300
163,163
333,333
334,334
39,39
324,324
132,132
336,336
335,335
169,169
338,338
339,339
309,309
342,342
340,340
317,317
341,341
343,343
344,344
345,345
346,346
347,347
273,273
55,55
349,349
348,348
354,354
351,351
358,358
352,352
360,360
363,363
355,355
362,362
357,357
356,356
361,361
365,365
350,350
367,367
368,368
371,371
373,373
370,370
374,374
372,372
337,337
378,378
366,366
377,377
375,375
359,359
379,379
380,380
381,381
385,385
382,382
387,387
364,364
369,369
388,388
386,386
389,389
383,383
390,390
393,393
392,392
376,376
394,394
391,391
398,398
397,397
399,399
396,396
401,401
402,402
384,384
395,395
353,353
403,403
405,405
400,400
406,406
407,407
409,409
404,404
413,413
416,416
408,408
410,410
411,411
417,417
412,412
420,420
422,422
425,425
419,419
415,415
423,423
429,429
428,428
427,427
418,418
424,424
432,432
421,421
435,435
433,433
426,426
436,436
430,430
434,434
437,437
438,438
431,431
442,442
440,440
445,445
447,447
449,449
450,450
446,446
439,439
451,451
452,452
454,454
453,453
414,414
455,455
444,444
448,448
457,457
456,456
458,458
462,462
459,459
460,460
461,461
467,467
468,468
466,466
472,472
465,465
463,463
471,471
474,474
469,469
464,464
476,476
478,478
473,473
470,470
480,480
441,441
479,479
484,484
486,486
487,487
482,482
481,481
492,492
493,493
490,490
489,489
483,483
496,496
494,494
495,495
477,477
497,497
488,488
498,498
499,499
491,491
500,500
502,502
503,503
504,504
505,505
506,506
443,443
507,507
514,514
508,508
511,511
515,515
512,512
513,513
475,475
523,523
518,518
509,509
516,516
510,510
524,524
501,501
525,525
521,521
520,520
519,519
528,528
532,532
530,530
531,531
529,529
517,517
527,527
485,485
533,533
535,535
536,536
526,526
537,537
534,534
541,541
538,538
542,542
545,545
539,539
547,547
543,543
548,548
546,546
522,522
551,551
544,544
553,553
552,552
540,540
554,554
550,550
556,556
559,559
560,560
561,561
563,563
566,566
557,557
558,558
564,564
565,565
573,573
549,549
567,567
569,569
562,562
576,576
577,577
579,579
574,574
555,555
572,572
575,575
584,584
588,588
587,587
568,568
586,586
585,585
582,582
591,591
581,581
592,592
580,580
590,590
593,593
583,583
596,596
570,570
599,599
589,589
594,594
597,597
578,578
601,601
602,602
600,600
605,605
603,603
595,595
606,606
608,608
607,607
610,610
611,611
617,617
618,618
614,614
609,609
615,615
616,616
620,620
571,571
619,619
613,613
622,622
621,621
604,604
624,624
612,612
627,627
623,623
628,628
625,625
629,629
633,633
632,632
631,631
634,634
639,639
630,630
642,642
637,637
640,640
626,626
643,643
598,598
638,638
635,635
644,644
636,636
645,645
648,648
647,647
650,650
651,651
654,654
653,653
655,655
649,649
658,658
656,656
660,660
659,659
646,646
663,663
664,664
657,657
665,665
666,666
661,661
662,662
667,667
641,641
668,668
673,673
671,671
669,669
676,676
674,674
652,652
677,677
682,682
679,679
684,684
685,685
683,683
691,691
672,672
692,692
690,690
689,689
686,686
693,693
688,688
697,697
698,698
670,670
694,694
680,680
705,705
701,701
699,699
704,704
707,707
700,700
687,687
695,695
675,675
708,708
709,709
711,711
710,710
712,712
715,715
713,713
716,716
681,681
678,678
719,719
702,702
721,721
714,714
717,717
718,718
696,696
722,722
724,724
727,727
725,725
706,706
720,720
729,729
726,726
728,728
703,703
738,738
736,736
734,734
730,730
743,743
742,742
737,737
733,733
745,745
740,740
735,735
747,747
723,723
739,739
749,749
748,748
746,746
731,731
750,750
741,741
751,751
756,756
757,757
752,752
758,758
732,732
762,762
744,744
754,754
753,753
763,763
764,764
767,767
769,769
755,755
771,771
768,768
773,773
765,765
772,772
766,766
774,774
760,760
761,761
777,777
759,759
776,776
780,780
779,779
778,778
782,782
786,786
784,784
770,770
788,788
789,789
790,790
787,787
783,783
785,785
794,794
781,781
796,796
795,795
793,793
798,798
791,791
802,802
800,800
804,804
803,803
775,775
792,792
799,799
805,805
806,806
807,807
797,797
801,801
809,809
815,815
817,817
821,821
818,818
814,814
812,812
823,823
825,825
827,827
829,829
811,811
830,830
826,826
831,831
819,819
828,828
808,808
835,835
833,833
836,836
816,816
838,838
839,839
840,840
832,832
810,810
844,844
843,843
834,834
846,846
837,837
813,813
842,842
847,847
848,848
822,822
852,852
851,851
849,849
854,854
850,850
858,858
853,853
855,855
824,824
845,845
841,841
859,859
862,862
856,856
820,820
863,863
860,860
857,857
864,864
865,865
868,868
867,867
861,861
870,870
871,871
875,875
876,876
872,872
866,866
877,877
873,873
880,880
878,878
869,869
881,881
879,879
883,883
882,882
884,884
886,886
885,885
889,889
874,874
892,892
890,890
893,893
887,887
891,891
894,894
896,896
897,897
901,901
899,899
903,903
904,904
907,907
905,905
902,902
898,898
895,895
906,906
900,900
908,908
916,916
911,911
912,912
914,914
918,918
919,919
921,921
910,910
913,913
915,915
922,922
923,923
928,928
927,927
924,924
929,929
931,931
917,917
932,932
909,909
934,934
933,933
935,935
938,938
940,940
888,888
925,925
942,942
937,937
926,926
943,943
939,939
936,936
930,930
920,920
941,941
1,Marco
